Run Name,Date,Distance (km),Pace,Time (min),Description,Split Number,Split Distance (km),Split Pace,Split Time
"fun run",2026-04-06,5.01,32.1,6:25/km,"No description",1.00,6:56,6:56/km,1.00,6:44,6:44/km,1.00,6:35,6:35/km,1.00,6:20,6:20/km,1.00,5:32,5:31/km,7.5,0:01,2:13/km,,,,,,,,,,,,,,,,,,,,,,,,,,,,,,,,,,,,,,,,,,,,,,,,
"Morning Run",2026-04-01,7,49,7:00/km,"No description",1.00,6:43,6:41/km,1.00,6:20,6:21/km,1.00,6:15,6:14/km,1.00,6:41,6:40/km,1.00,7:07,7:07/km,1.00,7:41,7:43/km,1.00,8:16,8:15/km,,,,,,,,,,,,,,,,,,,,,,,,,,,,,,,,,,,,,,,,,,,,,
"Afternoon Run",2026-03-27,5,36.9,7:22/km,"No description",1.00,6:19,6:19/km,1.00,6:17,6:17/km,1.00,7:49,7:49/km,1.00,9:08,9:07/km,1.00,7:20,7:20/km,,,,,,,,,,,,,,,,,,,,,,,,,,,,,,,,,,,,,,,,,,,,,,,,,,,
"Evening Run",2026-03-24,5.05,32.9,6:31/km,"No description",1.00,6:24,6:22/km,1.00,6:24,6:25/km,1.00,6:13,6:13/km,1.00,7:45,7:45/km,1.00,5:49,5:49/km,47.3,0:17,5:59/km,,,,,,,,,,,,,,,,,,,,,,,,,,,,,,,,,,,,,,,,,,,,,,,,
"tiring",2026-03-20,12,82.9,6:55/km,"No description",1.00,6:20,6:19/km,1.00,6:09,6:09/km,1.00,6:29,6:29/km,1.00,6:17,6:17/km,1.00,6:18,6:19/km,1.00,6:17,6:17/km,1.00,7:06,7:06/km,1.00,6:12,6:11/km,1.00,6:56,6:57/km,1.00,6:59,6:58/km,1.00,11:32,11:34/km,1.00,6:17,6:17/km,13,0:01,,,,,,,,,,,,,,,,,,,,,,,,,,,,
"hehe",2026-03-19,5.06,34.9,6:53/km,"No description",1.00,5:52,5:52/km,1.00,5:50,5:50/km,1.00,5:08,5:08/km,1.00,7:58,7:58/km,1.00,9:35,9:37/km,61.4,0:30,8:08/km,,,,,,,,,,,,,,,,,,,,,,,,,,,,,,,,,,,,,,,,,,,,,,,,
"slow man walk",2026-03-18,5,39.4,7:53/km,"No description",1.00,7:21,7:19/km,1.00,8:43,8:46/km,1.00,7:13,7:13/km,1.00,7:07,7:06/km,1.00,9:01,9:01/km,6,0:01,,,,,,,,,,,,,,,,,,,,,,,,,,,,,,,,,,,,,,,,,,,,,,,,,
"slow man walk",2026-03-17,5.03,40,7:56/km,"No description",1.00,6:06,6:05/km,1.00,6:12,6:12/km,1.00,7:34,7:34/km,1.00,10:15,10:16/km,1.00,9:26,9:25/km,32.8,0:26,13:13/km,,,,,,,,,,,,,,,,,,,,,,,,,,,,,,,,,,,,,,,,,,,,,,,,
"medium effort",2026-03-16,5.04,29.7,5:53/km,"No description",1.00,6:12,6:12/km,1.00,6:08,6:07/km,1.00,6:23,6:24/km,1.00,5:37,5:37/km,1.00,5:13,5:13/km,39.6,0:09,3:47/km,,,,,,,,,,,,,,,,,,,,,,,,,,,,,,,,,,,,,,,,,,,,,,,,
"ran out of gas 🛢️",2026-03-14,5.04,31.4,6:13/km,"No description",1.00,5:54,5:54/km,1.00,5:58,5:58/km,1.00,6:08,6:08/km,1.00,6:18,6:17/km,1.00,6:48,6:47/km,41.2,0:17,6:53/km,,,,,,,,,,,,,,,,,,,,,,,,,,,,,,,,,,,,,,,,,,,,,,,,
"tried pushing pace",2026-03-12,5.03,27.9,5:32/km,"No description",1.00,5:50,5:49/km,1.00,5:39,5:39/km,1.00,5:32,5:31/km,1.00,5:28,5:28/km,1.00,5:19,5:19/km,29.1,0:06,3:26/km,,,,,,,,,,,,,,,,,,,,,,,,,,,,,,,,,,,,,,,,,,,,,,,,
"chill run",2026-03-07,5,31.1,6:13/km,"No description",1.00,6:15,6:15/km,1.00,6:24,6:23/km,1.00,6:09,6:08/km,1.00,6:07,6:08/km,1.00,6:09,6:08/km,6,0:03,,,,,,,,,,,,,,,,,,,,,,,,,,,,,,,,,,,,,,,,,,,,,,,,,
"something",2026-03-06,5.06,31.3,6:12/km,"No description",1.00,6:13,6:13/km,1.00,6:07,6:06/km,1.00,6:06,6:06/km,1.00,6:04,6:05/km,1.00,6:10,6:10/km,55.7,0:40,11:58/km,,,,,,,,,,,,,,,,,,,,,,,,,,,,,,,,,,,,,,,,,,,,,,,,
"phone died",2026-03-03,9.48,66.1,6:58/km,"No description",1.00,6:50,6:50/km,1.00,6:15,6:15/km,1.00,6:27,6:26/km,1.00,6:43,6:44/km,1.00,7:25,7:25/km,1.00,6:53,6:53/km,1.00,9:00,9:01/km,1.00,7:22,7:21/km,1.00,5:59,6:00/km,0.48,3:11,6:41/km,,,,,,,,,,,,,,,,,,,,,,,,,,,,,,,,,,,,
"tf happened to strava",2026-02-28,2.91,26.2,9:01/km,"No description",1.00,6:56,6:55/km,1.00,9:45,9:46/km,0.91,9:31,10:31/km,,,,,,,,,,,,,,,,,,,,,,,,,,,,,,,,,,,,,,,,,,,,,,,,,,,,,,,,,
"last run b4 marathon",2026-02-26,10.22,60.7,5:56/km,"No description",1.00,6:50,6:49/km,1.00,5:46,5:45/km,1.00,5:43,5:44/km,1.00,5:35,5:35/km,1.00,5:55,5:55/km,1.00,5:48,5:49/km,1.00,5:56,5:56/km,1.01,5:58,5:56/km,1.00,5:45,5:47/km,1.00,5:56,5:56/km,0.22,1:28,6:41/km,,,,,,,,,,,,,,,,,,,,,,,,,,,,,,,,,
"post clg run",2026-02-25,7.03,43,6:07/km,"No description",1.00,6:44,6:43/km,1.00,6:33,6:34/km,1.00,6:35,6:35/km,1.00,6:12,6:13/km,1.00,5:56,5:55/km,1.00,5:52,5:51/km,1.00,5:00,5:01/km,32.5,0:10,5:08/km,,,,,,,,,,,,,,,,,,,,,,,,,,,,,,,,,,,,,,,,,,
"post clg run",2026-02-19,5.03,30.1,5:59/km,"No description",1.00,6:07,6:07/km,1.00,5:50,5:50/km,1.00,5:39,5:38/km,1.00,6:33,6:33/km,1.00,5:46,5:45/km,27,0:11,6:47/km,,,,,,,,,,,,,,,,,,,,,,,,,,,,,,,,,,,,,,,,,,,,,,,,
"quickie",2026-02-17,3.24,17.9,5:32/km,"No description",1.00,5:33,5:32/km,1.00,5:35,5:35/km,1.00,5:29,5:28/km,0.23,1:18,5:34/km,,,,,,,,,,,,,,,,,,,,,,,,,,,,,,,,,,,,,,,,,,,,,,,,,,,,,,
"absolutely washed",2026-02-14,14.11,97.7,6:55/km,"No description",1.00,6:27,6:27/km,1.00,6:34,6:34/km,1.00,6:30,6:30/km,1.00,6:34,6:35/km,1.00,6:35,6:35/km,1.00,6:32,6:32/km,1.00,6:31,6:31/km,1.00,6:23,6:23/km,1.00,8:30,8:30/km,1.00,6:13,6:13/km,1.00,6:33,6:32/km,1.00,7:44,7:43/km,1.00,6:57,6:58/km,1.00,8:18,8:18/km,0.11,1:21,12:07/km,,,,,,,,,,,,,,,,,,,,,
"ez run",2026-02-09,5.05,33.5,6:38/km,"No description",1.00,6:27,6:26/km,1.00,6:57,6:58/km,1.00,6:47,6:46/km,1.00,6:46,6:46/km,1.00,6:14,6:14/km,51,0:19,6:13/km,,,,,,,,,,,,,,,,,,,,,,,,,,,,,,,,,,,,,,,,,,,,,,,,
"legs be giving up",2026-01-31,10.04,56.4,5:37/km,"No description",1.00,6:02,6:01/km,1.00,5:51,5:52/km,1.00,5:49,5:49/km,1.00,5:25,5:25/km,1.00,5:40,5:40/km,1.00,5:36,5:36/km,1.00,5:40,5:40/km,1.00,5:31,5:32/km,1.00,5:34,5:32/km,1.00,5:03,5:04/km,44.2,0:12,4:31/km,,,,,,,,,,,,,,,,,,,,,,,,,,,,,,,,,
"legs be cooked",2026-01-29,3.6,20.2,5:36/km,"No description",1.00,6:01,6:01/km,1.00,5:26,5:26/km,1.00,5:24,5:25/km,0.60,3:20,5:33/km,,,,,,,,,,,,,,,,,,,,,,,,,,,,,,,,,,,,,,,,,,,,,,,,,,,,,,
"Monday morning long run",2026-01-26,21.24,130.2,6:08/km,"absolutely insane the amount difference a month of running can do, happy republic day and thanks moiz for the photos",1.00,5:55,5:55/km,1.00,5:53,5:53/km,1.00,6:13,6:14/km,1.00,6:35,6:34/km,1.00,5:50,5:51/km,1.00,6:20,6:20/km,1.00,6:48,6:48/km,1.00,5:50,5:49/km,1.00,6:33,6:34/km,1.00,6:04,6:04/km,1.00,6:16,6:16/km,1.00,7:07,7:07/km,1.00,6:36,6:34/km,0.99,5:56,5:58/km,1.00,5:48,5:47/km,1.00,5:45,5:45/km,1.00,5:58,5:59/km,1.00,5:55,5:55/km,1.00,6:01,6:02/km,1.00,5:54,5:53/km,1.00,5:38,5:38/km,0.23,1:14,5:17/km
"the last 3 kms were death",2026-01-24,15.1,90.6,6:00/km,"No description",1.00,5:59,5:58/km,1.00,5:54,5:55/km,1.00,6:52,6:50/km,1.00,6:17,6:19/km,1.00,6:03,6:02/km,1.00,6:20,6:20/km,1.00,6:17,6:17/km,1.00,6:11,6:11/km,1.00,6:06,6:06/km,1.00,6:22,6:22/km,1.00,6:22,6:22/km,1.00,5:42,5:42/km,1.00,5:26,5:26/km,1.00,5:17,5:17/km,1.00,5:01,5:01/km,98.6,0:27,4:34/km,,,,,,,,,,,,,,,,,,
"Evening Run",2026-01-22,7.06,39.9,5:39/km,"finally some speedwork, need to work on speed",1.00,6:01,6:00/km,1.00,6:15,6:16/km,1.00,5:36,5:36/km,1.00,5:28,5:29/km,1.00,5:42,5:42/km,1.00,5:34,5:34/km,1.00,5:03,5:04/km,55,0:14,4:14/km,,,,,,,,,,,,,,,,,,,,,,,,,,,,,,,,,,,,,,,,,,
"Morning Run",2026-01-21,10.09,61.9,6:08/km,"No description",1.00,6:26,6:26/km,1.00,5:49,5:49/km,1.00,5:53,5:53/km,1.00,6:08,6:08/km,1.00,6:32,6:32/km,1.00,6:09,6:09/km,1.00,7:04,7:04/km,1.00,6:01,6:02/km,1.00,6:07,6:07/km,1.00,5:14,5:14/km,86.8,0:28,5:23/km,,,,,,,,,,,,,,,,,,,,,,,,,,,,,,,,,
"Evening Run",2026-01-20,3.52,21,5:59/km,"No description",1.00,6:03,6:03/km,1.00,6:11,6:10/km,1.00,5:59,5:59/km,0.52,2:49,5:28/km,,,,,,,,,,,,,,,,,,,,,,,,,,,,,,,,,,,,,,,,,,,,,,,,,,,,,,
"Afternoon Run",2026-01-20,4.08,25.3,6:11/km,"No description",1.00,5:35,5:35/km,1.00,5:29,5:29/km,1.00,6:50,6:50/km,1.00,6:27,6:27/km,81,0:55,11:19/km,,,,,,,,,,,,,,,,,,,,,,,,,,,,,,,,,,,,,,,,,,,,,,,,,,,
"Chill morning run",2026-01-15,10.11,67.3,6:40/km,"No description",1.00,6:41,6:41/km,1.00,6:46,6:46/km,1.00,6:33,6:33/km,1.00,6:35,6:35/km,1.00,6:54,6:53/km,1.00,6:16,6:17/km,1.00,6:33,6:33/km,1.00,6:48,6:47/km,1.00,7:03,7:03/km,1.00,6:26,6:27/km,0.11,0:43,6:37/km,,,,,,,,,,,,,,,,,,,,,,,,,,,,,,,,,
"Pre College run",2026-01-14,10,62.7,6:16/km,"first half of the run ez, pushed towards the end",1.00,6:16,6:16/km,1.00,6:56,6:56/km,1.00,6:27,6:26/km,1.00,7:09,7:10/km,1.00,6:02,6:02/km,1.00,6:17,6:17/km,1.00,6:01,6:01/km,1.00,6:41,6:41/km,1.00,5:22,5:22/km,1.00,5:32,5:32/km,,,,,,,,,,,,,,,,,,,,,,,,,,,,,,,,,,,,
"Slow start, strong finish",2026-01-06,10,66.5,6:39/km,"running after a tiring day of clg is haaard",1.00,6:55,6:54/km,1.00,8:12,8:12/km,1.00,6:42,6:43/km,1.00,6:43,6:42/km,1.00,7:02,7:02/km,1.00,6:39,6:38/km,1.00,6:19,6:20/km,1.00,6:12,6:12/km,1.00,6:03,6:03/km,1.00,5:40,5:40/km,11,0:01,,,,,,,,,,,,,,,,,,,,,,,,,,,,,,,,,,
"ez run on tiring day",2026-01-05,7.09,49.8,7:02/km,"No description",1.00,6:46,6:45/km,1.00,6:54,6:55/km,1.00,6:46,6:46/km,1.00,6:33,6:33/km,1.00,7:19,7:19/km,1.00,6:10,6:10/km,1.00,8:14,8:15/km,85.9,1:07,13:00/km,,,,,,,,,,,,,,,,,,,,,,,,,,,,,,,,,,,,,,,,,,
"Running away from CC be like",2026-01-03,3.23,18.1,5:36/km,"No description",1.00,5:49,5:48/km,1.00,5:43,5:44/km,1.00,5:31,5:31/km,0.23,1:02,4:30/km,,,,,,,,,,,,,,,,,,,,,,,,,,,,,,,,,,,,,,,,,,,,,,,,,,,,,,
"Last Run of the year",2025-12-31,5,32.1,6:25/km,"the polution is insane, the smog was too much. The worst weather to run in",1.00,6:10,6:10/km,1.00,6:13,6:13/km,1.00,8:04,8:04/km,1.00,5:47,5:47/km,1.00,5:53,5:54/km,2.3,0:01,7:15/km,,,,,,,,,,,,,,,,,,,,,,,,,,,,,,,,,,,,,,,,,,,,,,,,
"First Half Marathon",2025-12-27,21.33,150.6,7:04/km,"ffs man hardest thing I have ever done without a doubt",1.00,5:58,5:58/km,1.00,6:17,6:16/km,1.00,6:44,6:45/km,1.00,6:27,6:26/km,1.00,6:38,6:38/km,1.00,6:48,6:48/km,1.00,6:10,6:10/km,1.00,7:11,7:11/km,1.00,6:31,6:31/km,1.00,6:44,6:44/km,1.00,6:51,6:50/km,1.00,6:19,6:19/km,1.00,9:45,9:46/km,1.00,6:16,6:16/km,1.00,7:27,7:26/km,1.00,11:06,11:07/km,1.00,6:23,6:23/km,1.00,6:27,6:27/km,1.00,6:49,6:48/km,1.00,7:35,7:36/km,1.00,7:28,7:28/km,0.33,2:41,8:05/km
"Got to see them horseys race",2025-12-22,5.04,30.1,5:58/km,"No description",1.00,5:53,5:52/km,1.00,6:42,6:43/km,1.00,6:14,6:14/km,1.00,5:54,5:53/km,1.00,5:12,5:11/km,35.9,0:11,5:07/km,,,,,,,,,,,,,,,,,,,,,,,,,,,,,,,,,,,,,,,,,,,,,,,,
"propa race",2025-12-17,5,29,5:48/km,"No description",1.00,6:10,6:09/km,1.00,5:40,5:40/km,1.00,6:26,6:26/km,1.00,5:43,5:43/km,1.00,5:00,5:01/km,,,,,,,,,,,,,,,,,,,,,,,,,,,,,,,,,,,,,,,,,,,,,,,,,,,
"Needed this",2025-12-16,5,27.6,5:31/km,"Why does everyday feel so different",1.00,5:38,5:37/km,1.00,5:36,5:36/km,1.00,5:38,5:38/km,1.00,5:42,5:42/km,1.00,5:02,5:02/km,,,,,,,,,,,,,,,,,,,,,,,,,,,,,,,,,,,,,,,,,,,,,,,,,,,
"Afternoon Run",2025-12-15,3.34,23,6:53/km,"No description",1.00,6:36,6:35/km,1.00,6:37,6:37/km,1.00,6:38,6:38/km,0.34,3:10,9:16/km,,,,,,,,,,,,,,,,,,,,,,,,,,,,,,,,,,,,,,,,,,,,,,,,,,,,,,
"barely finished ffs",2025-12-04,5,34.3,6:50/km,"my legs be cooked",1.00,6:44,6:43/km,1.00,6:52,6:52/km,1.00,7:35,7:36/km,1.00,6:50,6:50/km,1.00,6:13,6:13/km,3.4,0:01,4:54/km,,,,,,,,,,,,,,,,,,,,,,,,,,,,,,,,,,,,,,,,,,,,,,,,
"not every runs the same",2025-12-02,5.04,32.2,6:23/km,"No description",1.00,6:16,6:15/km,1.00,6:55,6:56/km,1.00,7:44,7:43/km,1.00,5:31,5:31/km,1.00,5:32,5:32/km,43.8,0:16,6:05/km,,,,,,,,,,,,,,,,,,,,,,,,,,,,,,,,,,,,,,,,,,,,,,,,
"sub 60",2025-11-29,10.07,58.2,5:47/km,"No description",1.00,5:31,5:31/km,1.00,5:41,5:40/km,1.00,5:53,5:54/km,1.00,5:42,5:42/km,1.00,5:48,5:48/km,1.00,6:00,6:00/km,1.00,5:51,5:51/km,1.00,5:52,5:52/km,1.00,5:53,5:53/km,1.00,5:43,5:43/km,69.3,0:17,4:05/km,,,,,,,,,,,,,,,,,,,,,,,,,,,,,,,,,
"Chill run",2025-11-28,5.04,33.1,6:35/km,"don't run on a full stomach",1.00,6:40,6:40/km,1.00,6:30,6:30/km,1.00,6:47,6:47/km,1.00,6:59,6:59/km,1.00,6:02,6:01/km,35.4,0:10,4:43/km,,,,,,,,,,,,,,,,,,,,,,,,,,,,,,,,,,,,,,,,,,,,,,,,
"chill run",2025-11-22,5,34.6,6:55/km,"mf glass shard in foot",1.00,6:24,6:24/km,1.00,9:44,9:44/km,1.00,6:49,6:48/km,1.00,6:16,6:17/km,1.00,5:24,5:25/km,,,,,,,,,,,,,,,,,,,,,,,,,,,,,,,,,,,,,,,,,,,,,,,,,,,
"Cn presentation goto run",2025-11-21,5.03,29.9,5:56/km,"One of my most effort wala runs",1.00,6:13,6:13/km,1.00,6:11,6:11/km,1.00,6:05,6:05/km,1.00,5:57,5:57/km,1.00,5:21,5:20/km,31.1,0:07,3:45/km,,,,,,,,,,,,,,,,,,,,,,,,,,,,,,,,,,,,,,,,,,,,,,,,
"Fast run after a while",2025-11-19,5,30,6:00/km,"a kid asked me today if I am tall coz of the running 😭😭🙏🏾",1.00,6:12,6:11/km,1.00,6:12,6:13/km,1.00,6:28,6:27/km,1.00,5:49,5:49/km,1.00,5:19,5:19/km,,,,,,,,,,,,,,,,,,,,,,,,,,,,,,,,,,,,,,,,,,,,,,,,,,,
"4k coz choir practice",2025-11-18,4.01,24.9,6:13/km,"No description",1.00,6:37,6:35/km,1.00,6:32,6:32/km,1.00,6:22,6:22/km,1.00,5:21,5:21/km,4.2,0:01,3:58/km,,,,,,,,,,,,,,,,,,,,,,,,,,,,,,,,,,,,,,,,,,,,,,,,,,,
"Saturday Run Club",2025-11-15,6.08,39.9,6:34/km,"No description",1.00,6:43,6:43/km,1.00,6:21,6:21/km,1.00,6:26,6:26/km,1.00,6:36,6:36/km,1.00,6:13,6:13/km,1.00,6:59,6:59/km,87.9,0:35,6:38/km,,,,,,,,,,,,,,,,,,,,,,,,,,,,,,,,,,,,,,,,,,,,,
"Morning Run",2025-11-15,5.04,31,6:10/km,"No description",1.00,6:31,6:31/km,1.00,6:20,6:20/km,1.00,6:04,6:04/km,1.00,6:11,6:10/km,1.00,5:41,5:42/km,43.8,0:15,5:43/km,,,,,,,,,,,,,,,,,,,,,,,,,,,,,,,,,,,,,,,,,,,,,,,,
"why do my sprints feel sloww?",2025-11-14,5,31.8,6:22/km,"No description",1.00,6:38,6:37/km,1.00,6:44,6:44/km,1.00,6:32,6:32/km,1.00,6:35,6:35/km,1.00,5:19,5:19/km,,,,,,,,,,,,,,,,,,,,,,,,,,,,,,,,,,,,,,,,,,,,,,,,,,,
"Zone 2 run with a strong finish",2025-11-13,5.09,33.1,6:30/km,"No description",1.00,7:04,7:04/km,1.00,6:57,6:57/km,1.00,6:35,6:35/km,1.00,6:34,6:34/km,1.00,5:31,5:31/km,91.1,0:24,4:23/km,,,,,,,,,,,,,,,,,,,,,,,,,,,,,,,,,,,,,,,,,,,,,,,,
"Runny Runny",2025-11-11,5.11,31.3,6:07/km,"in the mazgaon garden after a while",1.00,6:11,6:11/km,1.00,6:30,6:30/km,1.00,6:10,6:09/km,1.00,6:17,6:18/km,1.00,5:39,5:38/km,0.11,0:29,4:20/km,,,,,,,,,,,,,,,,,,,,,,,,,,,,,,,,,,,,,,,,,,,,,,,,
"Robinsonites run",2025-11-08,6.14,40.3,6:34/km,"No description",1.00,6:04,6:04/km,1.00,6:23,6:23/km,1.00,7:29,7:29/km,1.00,8:16,8:16/km,1.00,6:06,6:05/km,1.00,5:17,5:17/km,0.14,0:43,5:14/km,,,,,,,,,,,,,,,,,,,,,,,,,,,,,,,,,,,,,,,,,,,,,
"ganga jews",2025-10-27,4.22,50.5,11:58/km,"No description",1.00,6:40,6:40/km,1.00,11:34,11:34/km,1.00,12:56,12:56/km,1.00,16:07,16:07/km,0.22,3:15,14:45/km,,,,,,,,,,,,,,,,,,,,,,,,,,,,,,,,,,,,,,,,,,,,,,,,,,,
"Munnar Run",2025-10-23,6.19,47.7,7:42/km,"The Elevation really does get you",1.00,7:26,7:26/km,1.00,8:43,8:43/km,1.00,9:29,9:28/km,1.00,7:30,7:30/km,1.00,6:34,6:35/km,1.00,6:34,6:34/km,0.19,1:26,7:26/km,,,,,,,,,,,,,,,,,,,,,,,,,,,,,,,,,,,,,,,,,,,,,
"Run-die rona",2025-10-18,7,40.1,5:44/km,"No description",1.00,4:53,4:53/km,1.00,6:53,6:53/km,1.00,6:06,6:06/km,1.00,6:14,6:14/km,1.00,2:24,2:24/km,1.00,7:41,7:41/km,1.00,5:56,5:56/km,,,,,,,,,,,,,,,,,,,,,,,,,,,,,,,,,,,,,,,,,,,,,
"Couldnt finish a 5k ffs",2025-10-07,4.08,25.5,6:15/km,"No description",1.00,6:18,6:18/km,1.00,6:18,6:17/km,1.00,5:55,5:55/km,1.00,6:27,6:27/km,81.1,0:32,6:35/km,,,,,,,,,,,,,,,,,,,,,,,,,,,,,,,,,,,,,,,,,,,,,,,,,,,
"Starting over?",2025-09-24,3.3,23.9,7:14/km,"No description",1.00,6:27,6:26/km,1.00,7:07,7:08/km,1.00,7:52,7:52/km,0.30,2:27,8:10/km,,,,,,,,,,,,,,,,,,,,,,,,,,,,,,,,,,,,,,,,,,,,,,,,,,,,,,
"Mein nahi sehta",2025-09-17,4.59,74.5,16:14/km,"Idk about you, but personally i wouldn't let that slide",1.00,9:39,9:37/km,1.00,12:10,12:12/km,1.00,28:20,28:17/km,1.00,12:48,12:47/km,0.59,11:34,19:42/km,,,,,,,,,,,,,,,,,,,,,,,,,,,,,,,,,,,,,,,,,,,,,,,,,,,
"trusting the recovery",2025-09-14,5.07,37.4,7:22/km,"No description",1.00,6:58,6:58/km,1.00,6:54,6:54/km,1.00,6:33,6:31/km,1.00,10:27,10:30/km,1.00,6:03,6:03/km,68,0:28,6:52/km,,,,,,,,,,,,,,,,,,,,,,,,,,,,,,,,,,,,,,,,,,,,,,,,
"Independence Run with Moiz",2025-08-15,8.1,51.8,6:24/km,"Racecourse Run in the sand, ankles gone guys",1.00,6:19,6:19/km,1.00,6:35,6:35/km,1.00,5:45,5:46/km,1.00,5:49,5:49/km,1.00,6:01,6:01/km,1.00,7:02,7:03/km,1.00,6:55,6:55/km,1.00,6:45,6:44/km,94.9,0:38,6:40/km,,,,,,,,,,,,,,,,,,,,,,,,,,,,,,,,,,,,,,,
"was supposed to be an ez run😭😭😭",2025-08-09,5.04,28.9,5:43/km,"felt sick so I thought I'd run a simple easy 5k turns out not",1.00,6:13,6:13/km,1.00,6:02,6:02/km,1.00,5:35,5:35/km,1.00,5:18,5:17/km,1.00,5:35,5:35/km,37.8,0:08,3:32/km,,,,,,,,,,,,,,,,,,,,,,,,,,,,,,,,,,,,,,,,,,,,,,,,
"Evening Run",2025-08-08,5.04,30.6,6:05/km,"No description",1.00,6:04,6:03/km,1.00,6:31,6:32/km,1.00,6:29,6:29/km,1.00,6:09,6:09/km,1.00,5:18,5:17/km,37.7,0:08,3:32/km,,,,,,,,,,,,,,,,,,,,,,,,,,,,,,,,,,,,,,,,,,,,,,,,
"need a long run soon",2025-08-07,5,30.1,6:01/km,"That pimple on my calf is the most painful thing ever",1.00,5:57,5:56/km,1.00,6:07,6:07/km,1.00,6:05,6:05/km,1.00,6:04,6:04/km,1.00,5:50,5:50/km,,,,,,,,,,,,,,,,,,,,,,,,,,,,,,,,,,,,,,,,,,,,,,,,,,,
"not tired anymore",2025-08-05,5,28.2,5:38/km,"made tons of mistakes, just a few regrets",1.00,5:10,5:09/km,1.00,6:02,6:03/km,1.00,6:00,5:59/km,1.00,5:52,5:53/km,1.00,5:08,5:08/km,,,,,,,,,,,,,,,,,,,,,,,,,,,,,,,,,,,,,,,,,,,,,,,,,,,
"Afternoon Run",2025-08-04,3.5,20.6,5:52/km,"2.5 km in there was this piercing pain on my right side tried to complete 5k but just couldnt, apparently it is because of eating too close the the run",1.00,5:47,5:47/km,1.00,5:54,5:53/km,1.00,5:46,5:46/km,0.50,3:06,6:11/km,,,,,,,,,,,,,,,,,,,,,,,,,,,,,,,,,,,,,,,,,,,,,,,,,,,,,,
"not every run feels the same",2025-08-02,5.04,30.5,6:03/km,"No description",1.00,6:21,6:20/km,1.00,6:22,6:22/km,1.00,6:04,6:04/km,1.00,5:44,5:44/km,1.00,5:45,5:45/km,36,0:12,5:34/km,,,,,,,,,,,,,,,,,,,,,,,,,,,,,,,,,,,,,,,,,,,,,,,,
"practicing zone 2 running",2025-07-31,5.01,35.5,7:05/km,"pretty impressive how slow I ran considering i didn't walk or stop at all",1.00,7:27,7:26/km,1.00,7:08,7:08/km,1.00,7:03,7:03/km,1.00,7:00,6:58/km,1.00,6:47,6:48/km,6.1,0:03,8:12/km,,,,,,,,,,,,,,,,,,,,,,,,,,,,,,,,,,,,,,,,,,,,,,,,
"So close, yet so far",2025-07-29,10.1,61.8,6:07/km,"Romeiro get your shoes ready....",1.00,6:10,6:10/km,1.00,6:15,6:16/km,1.00,6:02,6:01/km,1.00,5:31,5:32/km,1.00,5:16,5:16/km,1.00,8:27,8:28/km,1.00,6:07,6:07/km,1.00,5:36,5:36/km,1.00,5:31,5:31/km,1.00,6:31,6:30/km,98.7,0:24,4:03/km,,,,,,,,,,,,,,,,,,,,,,,,,,,,,,,,,
"ran to xaviers",2025-07-26,4,29.8,7:28/km,"No description",1.00,6:22,6:22/km,1.00,6:28,6:28/km,1.00,8:07,8:07/km,1.00,8:53,8:53/km,,,,,,,,,,,,,,,,,,,,,,,,,,,,,,,,,,,,,,,,,,,,,,,,,,,,,,
"Running in the rain is amazing!!!!!",2025-07-22,8,70.3,8:47/km,"No description",,,,,,,,,,,,,,,,,,,,,,,,,,,,,,,,,,,,,,,,,,,,,,,,,,,,,,,,,,,,,,,,,,
"running without aliqyaan<<<",2025-07-20,3.02,20.5,6:47/km,"No description",,,,,,,,,,,,,,,,,,,,,,,,,,,,,,,,,,,,,,,,,,,,,,,,,,,,,,,,,,,,,,,,,,
"Solid effort 7k",2025-07-17,7,45.3,6:28/km,"No description",,,,,,,,,,,,,,,,,,,,,,,,,,,,,,,,,,,,,,,,,,,,,,,,,,,,,,,,,,,,,,,,,,
"relatively easy run",2025-07-15,5,31.8,6:21/km,"No description",,,,,,,,,,,,,,,,,,,,,,,,,,,,,,,,,,,,,,,,,,,,,,,,,,,,,,,,,,,,,,,,,,
"First 10k  - Ladies and gentlemen",2025-07-10,10,69.2,6:55/km,"No description",,,,,,,,,,,,,,,,,,,,,,,,,,,,,,,,,,,,,,,,,,,,,,,,,,,,,,,,,,,,,,,,,,
"sub 30 5k",2025-07-08,5,30,5:59/km,"No description",,,,,,,,,,,,,,,,,,,,,,,,,,,,,,,,,,,,,,,,,,,,,,,,,,,,,,,,,,,,,,,,,,
"Having an off-day",2025-07-03,3,19.3,6:26/km,"No description",,,,,,,,,,,,,,,,,,,,,,,,,,,,,,,,,,,,,,,,,,,,,,,,,,,,,,,,,,,,,,,,,,
"Evening Run",2025-06-26,2.86,4.5,1:35/km,"No description",,,,,,,,,,,,,,,,,,,,,,,,,,,,,,,,,,,,,,,,,,,,,,,,,,,,,,,,,,,,,,,,,,
"Best Runnnnnnn",2025-06-25,5,30.5,6:05/km,"No description",,,,,,,,,,,,,,,,,,,,,,,,,,,,,,,,,,,,,,,,,,,,,,,,,,,,,,,,,,,,,,,,,,
"Morning Run",2025-06-23,5.04,37.9,7:31/km,"No description",,,,,,,,,,,,,,,,,,,,,,,,,,,,,,,,,,,,,,,,,,,,,,,,,,,,,,,,,,,,,,,,,,
"Morning Run",2025-06-21,3.85,28.2,7:19/km,"No description",,,,,,,,,,,,,,,,,,,,,,,,,,,,,,,,,,,,,,,,,,,,,,,,,,,,,,,,,,,,,,,,,,
"Walk talk",2025-06-12,12.25,253.9,20:44/km,"No description",,,,,,,,,,,,,,,,,,,,,,,,,,,,,,,,,,,,,,,,,,,,,,,,,,,,,,,,,,,,,,,,,,
"Started raining",2025-06-12,3.22,18.6,5:46/km,"No description",,,,,,,,,,,,,,,,,,,,,,,,,,,,,,,,,,,,,,,,,,,,,,,,,,,,,,,,,,,,,,,,,,
"Run 
- One Republic",2025-06-11,5,33,6:37/km,"No description",,,,,,,,,,,,,,,,,,,,,,,,,,,,,,,,,,,,,,,,,,,,,,,,,,,,,,,,,,,,,,,,,,
"Met reni at grant road",2025-06-09,3,19.2,6:25/km,"No description",,,,,,,,,,,,,,,,,,,,,,,,,,,,,,,,,,,,,,,,,,,,,,,,,,,,,,,,,,,,,,,,,,
"Fastest 5k yet",2025-06-08,5,31.6,6:19/km,"No description",,,,,,,,,,,,,,,,,,,,,,,,,,,,,,,,,,,,,,,,,,,,,,,,,,,,,,,,,,,,,,,,,,
"Back in Mumbai",2025-06-07,5.04,34.5,6:51/km,"No description",,,,,,,,,,,,,,,,,,,,,,,,,,,,,,,,,,,,,,,,,,,,,,,,,,,,,,,,,,,,,,,,,,
"Sold my soul for the last km",2025-06-04,7,48.6,6:56/km,"No description",,,,,,,,,,,,,,,,,,,,,,,,,,,,,,,,,,,,,,,,,,,,,,,,,,,,,,,,,,,,,,,,,,
"Today, Life's good",2025-06-03,7.5,52.4,6:59/km,"No description",,,,,,,,,,,,,,,,,,,,,,,,,,,,,,,,,,,,,,,,,,,,,,,,,,,,,,,,,,,,,,,,,,
"Deaad",2025-06-01,3,18.6,6:13/km,"No description",,,,,,,,,,,,,,,,,,,,,,,,,,,,,,,,,,,,,,,,,,,,,,,,,,,,,,,,,,,,,,,,,,
"gav runing - not for me",2025-05-30,3,19.7,6:34/km,"No description",,,,,,,,,,,,,,,,,,,,,,,,,,,,,,,,,,,,,,,,,,,,,,,,,,,,,,,,,,,,,,,,,,
"ez walk with bali",2025-05-17,4.01,31.5,7:52/km,"No description",,,,,,,,,,,,,,,,,,,,,,,,,,,,,,,,,,,,,,,,,,,,,,,,,,,,,,,,,,,,,,,,,,
"run 4",2025-05-16,4,24.6,6:09/km,"No description",,,,,,,,,,,,,,,,,,,,,,,,,,,,,,,,,,,,,,,,,,,,,,,,,,,,,,,,,,,,,,,,,,
"run 3",2025-05-15,3,17.8,5:56/km,"No description",,,,,,,,,,,,,,,,,,,,,,,,,,,,,,,,,,,,,,,,,,,,,,,,,,,,,,,,,,,,,,,,,,
"ran to marines",2025-05-14,3,19.3,6:26/km,"No description",,,,,,,,,,,,,,,,,,,,,,,,,,,,,,,,,,,,,,,,,,,,,,,,,,,,,,,,,,,,,,,,,,
"Runny nose",2025-05-10,3,19.7,6:34/km,"No description",,,,,,,,,,,,,,,,,,,,,,,,,,,,,,,,,,,,,,,,,,,,,,,,,,,,,,,,,,,,,,,,,,
"Sweater on his Vomit already",2025-05-08,5,39.1,7:49/km,"No description",,,,,,,,,,,,,,,,,,,,,,,,,,,,,,,,,,,,,,,,,,,,,,,,,,,,,,,,,,,,,,,,,,
"Palms weak, knees are sweaty",2025-05-04,5.01,40,7:59/km,"No description",,,,,,,,,,,,,,,,,,,,,,,,,,,,,,,,,,,,,,,,,,,,,,,,,,,,,,,,,,,,,,,,,,
"First 5k?",2025-03-22,5,45.9,9:11/km,"No description",,,,,,,,,,,,,,,,,,,,,,,,,,,,,,,,,,,,,,,,,,,,,,,,,,,,,,,,,,,,,,,,,,
"evening jog in sandals",2025-03-14,3.01,24.5,8:07/km,"No description",,,,,,,,,,,,,,,,,,,,,,,,,,,,,,,,,,,,,,,,,,,,,,,,,,,,,,,,,,,,,,,,,,
"Morning Walk",2025-02-15,20.73,304.4,14:41/km,"No description",,,,,,,,,,,,,,,,,,,,,,,,,,,,,,,,,,,,,,,,,,,,,,,,,,,,,,,,,,,,,,,,,,
